subject_name,target_mode,perturbation_type,trial_number,trial_name,target_pos,changed_angels,error_angles
Lea,sequence,sudden,1,No Perturbation,-1.2217304763960308,20,nan
Lea,sequence,sudden,2,No Perturbation,-1.2217304763960308,20,-0.07212365662329656
Lea,sequence,sudden,3,No Perturbation,-1.2217304763960308,20,-0.02207974174581606
Lea,sequence,sudden,4,No Perturbation,-1.2217304763960308,20,-0.005579589160430887
Lea,sequence,sudden,5,No Perturbation,-1.2217304763960308,20,-0.006484975966006612
Lea,sequence,sudden,6,No Perturbation,-1.2217304763960308,20,-0.026322247669269272
Lea,sequence,sudden,7,No Perturbation,-1.2217304763960308,20,-0.025240610182252876
Lea,sequence,sudden,8,No Perturbation,-1.2217304763960308,20,-0.01127389135557988
Lea,sequence,sudden,9,No Perturbation,-1.2217304763960308,20,-0.05104665012632803
Lea,sequence,sudden,10,No Perturbation,-1.2217304763960308,20,-0.04579368537401041
Lea,sequence,sudden,11,No Perturbation,-1.2217304763960308,20,-0.021205392399402667
Lea,sequence,sudden,12,No Perturbation,-1.2217304763960308,20,-0.051504125661059996
Lea,sequence,sudden,13,No Perturbation,-1.2217304763960308,20,-0.0334501883600995
Lea,sequence,sudden,14,No Perturbation,-1.2217304763960308,20,-0.0122302334576474
Lea,sequence,sudden,15,No Perturbation,-1.2217304763960308,20,-0.04875450575414053
Lea,sequence,sudden,16,No Perturbation,-1.2217304763960308,20,-0.032496596786462106
Lea,sequence,sudden,17,No Perturbation,-1.2217304763960308,20,-0.03936290585640956
Lea,sequence,sudden,18,No Perturbation,-1.2217304763960308,20,-0.028292812797420908
Lea,sequence,sudden,19,No Perturbation,-1.2217304763960308,20,-0.0008449017649843071
Lea,sequence,sudden,20,No Perturbation,-1.2217304763960308,20,-0.026291754906227816
Lea,sequence,sudden,21,Sudden Perturbation,-1.2217304763960308,20,0.4405229885035882
Lea,sequence,sudden,22,Sudden Perturbation,-1.2217304763960308,20,nan
Lea,sequence,sudden,23,Sudden Perturbation,-1.2217304763960308,20,0.3820291516346359
Lea,sequence,sudden,24,Sudden Perturbation,-1.2217304763960308,20,nan
Lea,sequence,sudden,25,Sudden Perturbation,-1.2217304763960308,20,0.25081772444733397
Lea,sequence,sudden,26,Sudden Perturbation,-1.2217304763960308,20,0.15613009496512098
Lea,sequence,sudden,27,Sudden Perturbation,-1.2217304763960308,20,-0.006513535554112382
Lea,sequence,sudden,28,Sudden Perturbation,-1.2217304763960308,20,0.1521007911424237
Lea,sequence,sudden,29,Sudden Perturbation,-1.2217304763960308,20,-0.15024486515668145
Lea,sequence,sudden,30,Sudden Perturbation,-1.2217304763960308,20,-0.04964750465380896
Lea,sequence,sudden,31,Sudden Perturbation,-1.2217304763960308,20,-0.015455362719282606
Lea,sequence,sudden,32,Sudden Perturbation,-1.2217304763960308,20,0.11292268587828569
Lea,sequence,sudden,33,Sudden Perturbation,-1.2217304763960308,20,0.014830817020145659
Lea,sequence,sudden,34,Sudden Perturbation,-1.2217304763960308,20,-0.07422500942792642
Lea,sequence,sudden,35,Sudden Perturbation,-1.2217304763960308,20,-0.013990877556830705
Lea,sequence,sudden,36,Sudden Perturbation,-1.2217304763960308,20,0.03724413290538919
Lea,sequence,sudden,37,Sudden Perturbation,-1.2217304763960308,20,-0.11970163991175475
Lea,sequence,sudden,38,Sudden Perturbation,-1.2217304763960308,20,0.02647188986693161
Lea,sequence,sudden,39,Sudden Perturbation,-1.2217304763960308,20,-0.09114341877617771
Lea,sequence,sudden,40,Sudden Perturbation,-1.2217304763960308,20,nan
Lea,sequence,sudden,41,Sudden Perturbation,-1.2217304763960308,20,0.15195611671257203
Lea,sequence,sudden,42,Sudden Perturbation,-1.2217304763960308,20,0.034017721396968126
Lea,sequence,sudden,43,Sudden Perturbation,-1.2217304763960308,20,-0.05602001127216871
Lea,sequence,sudden,44,Sudden Perturbation,-1.2217304763960308,20,0.028323487169308992
Lea,sequence,sudden,45,Sudden Perturbation,-1.2217304763960308,20,-0.11941840729092967
Lea,sequence,sudden,46,Sudden Perturbation,-1.2217304763960308,20,0.034431200802802486
Lea,sequence,sudden,47,Sudden Perturbation,-1.2217304763960308,20,0.023957207103210143
Lea,sequence,sudden,48,Sudden Perturbation,-1.2217304763960308,20,0.09877062470223708
Lea,sequence,sudden,49,Sudden Perturbation,-1.2217304763960308,20,-0.006786849202057077
Lea,sequence,sudden,50,Sudden Perturbation,-1.2217304763960308,20,-0.06492963942252761
Lea,sequence,sudden,51,Sudden Perturbation,-1.2217304763960308,20,-0.043785389552833065
Lea,sequence,sudden,52,Sudden Perturbation,-1.2217304763960308,20,0.10345545121045552
Lea,sequence,sudden,53,Sudden Perturbation,-1.2217304763960308,20,-0.020199525100652815
Lea,sequence,sudden,54,Sudden Perturbation,-1.2217304763960308,20,0.034017721396968126
Lea,sequence,sudden,55,Sudden Perturbation,-1.2217304763960308,20,-0.07598365599699974
Lea,sequence,sudden,56,Sudden Perturbation,-1.2217304763960308,20,-0.11004467823353248
Lea,sequence,sudden,57,Sudden Perturbation,-1.2217304763960308,20,-0.05583139384019775
Lea,sequence,sudden,58,Sudden Perturbation,-1.2217304763960308,20,0.12095648643180201
Lea,sequence,sudden,59,Sudden Perturbation,-1.2217304763960308,20,0.07584466455102645
Lea,sequence,sudden,60,Sudden Perturbation,-1.2217304763960308,20,nan
Lea,sequence,sudden,61,Aftereffect,-1.2217304763960308,20,-0.35547601900917747
Lea,sequence,sudden,62,Aftereffect,-1.2217304763960308,20,-0.18716215889019794
Lea,sequence,sudden,63,Aftereffect,-1.2217304763960308,20,-0.1160866113217629
Lea,sequence,sudden,64,Aftereffect,-1.2217304763960308,20,-0.035613860686892984
Lea,sequence,sudden,65,Aftereffect,-1.2217304763960308,20,nan
Lea,sequence,sudden,66,Aftereffect,-1.2217304763960308,20,-0.14737320220336136
Lea,sequence,sudden,67,Aftereffect,-1.2217304763960308,20,0.028992551187253968
Lea,sequence,sudden,68,Aftereffect,-1.2217304763960308,20,-0.015940398823120372
Lea,sequence,sudden,69,Aftereffect,-1.2217304763960308,20,-0.013427300071256587
Lea,sequence,sudden,70,Aftereffect,-1.2217304763960308,20,-0.046563171953690086
Lea,sequence,sudden,71,Aftereffect,-1.2217304763960308,20,0.06850488450219028
Lea,sequence,sudden,72,Aftereffect,-1.2217304763960308,20,0.027060079137032345
Lea,sequence,sudden,73,Aftereffect,-1.2217304763960308,20,-0.08740882921759496
Lea,sequence,sudden,74,Aftereffect,-1.2217304763960308,20,0.02665873411031172
Lea,sequence,sudden,75,Aftereffect,-1.2217304763960308,20,nan
Lea,sequence,sudden,76,Aftereffect,-1.2217304763960308,20,0.014461026575572689
Lea,sequence,sudden,77,Aftereffect,-1.2217304763960308,20,0.0016620978493377958
Lea,sequence,sudden,78,Aftereffect,-1.2217304763960308,20,-0.05416834381836089
Lea,sequence,sudden,79,Aftereffect,-1.2217304763960308,20,-0.0940178142042174
Lea,sequence,sudden,80,Aftereffect,-1.2217304763960308,20,-0.020091479451122662
Lea,sequence,sudden,81,No Perturbation,-0.8726646259971649,40,-0.320073299211612
Lea,sequence,sudden,82,No Perturbation,-0.8726646259971649,40,0.11795857596973514
Lea,sequence,sudden,83,No Perturbation,-0.8726646259971649,40,0.05602662916944834
Lea,sequence,sudden,84,No Perturbation,-0.8726646259971649,40,-0.021822542400265044
Lea,sequence,sudden,85,No Perturbation,-0.8726646259971649,40,0.07833812841987986
Lea,sequence,sudden,86,No Perturbation,-0.8726646259971649,40,0.07422372396910892
Lea,sequence,sudden,87,No Perturbation,-0.8726646259971649,40,0.08943565659436292
Lea,sequence,sudden,88,No Perturbation,-0.8726646259971649,40,0.005716952407214704
Lea,sequence,sudden,89,No Perturbation,-0.8726646259971649,40,0.016768452065352712
Lea,sequence,sudden,90,No Perturbation,-0.8726646259971649,40,-0.04680806577802288
Lea,sequence,sudden,91,No Perturbation,-0.8726646259971649,40,0.0735058633175284
Lea,sequence,sudden,92,No Perturbation,-0.8726646259971649,40,-0.03090188421959561
Lea,sequence,sudden,93,No Perturbation,-0.8726646259971649,40,0.032946430030915574
Lea,sequence,sudden,94,No Perturbation,-0.8726646259971649,40,0.02038073770404991
Lea,sequence,sudden,95,No Perturbation,-0.8726646259971649,40,0.06433470330324098
Lea,sequence,sudden,96,No Perturbation,-0.8726646259971649,40,0.040788331248713616
Lea,sequence,sudden,97,No Perturbation,-0.8726646259971649,40,0.04420919049035599
Lea,sequence,sudden,98,No Perturbation,-0.8726646259971649,40,0.015318793036334544
Lea,sequence,sudden,99,No Perturbation,-0.8726646259971649,40,-0.09382619393150204
Lea,sequence,sudden,100,No Perturbation,-0.8726646259971649,40,0.02514553761133187
Lea,sequence,sudden,101,Sudden Perturbation,-0.8726646259971649,40,nan
Lea,sequence,sudden,102,Sudden Perturbation,-0.8726646259971649,40,nan
Lea,sequence,sudden,103,Sudden Perturbation,-0.8726646259971649,40,0.12008441501267753
Lea,sequence,sudden,104,Sudden Perturbation,-0.8726646259971649,40,0.12618822495100035
Lea,sequence,sudden,105,Sudden Perturbation,-0.8726646259971649,40,0.1625455540146703
Lea,sequence,sudden,106,Sudden Perturbation,-0.8726646259971649,40,0.13680133926623972
Lea,sequence,sudden,107,Sudden Perturbation,-0.8726646259971649,40,0.009044418737859328
Lea,sequence,sudden,108,Sudden Perturbation,-0.8726646259971649,40,-0.0039108486936867415
Lea,sequence,sudden,109,Sudden Perturbation,-0.8726646259971649,40,0.0228626346504478
Lea,sequence,sudden,110,Sudden Perturbation,-0.8726646259971649,40,-0.003218406640304372
Lea,sequence,sudden,111,Sudden Perturbation,-0.8726646259971649,40,0.1728530377188866
Lea,sequence,sudden,112,Sudden Perturbation,-0.8726646259971649,40,-0.014302240921370779
Lea,sequence,sudden,113,Sudden Perturbation,-0.8726646259971649,40,0.12638730916099228
Lea,sequence,sudden,114,Sudden Perturbation,-0.8726646259971649,40,0.00013927380880696116
Lea,sequence,sudden,115,Sudden Perturbation,-0.8726646259971649,40,0.02678418317520781
Lea,sequence,sudden,116,Sudden Perturbation,-0.8726646259971649,40,-0.006007783407226519
Lea,sequence,sudden,117,Sudden Perturbation,-0.8726646259971649,40,0.018894401511414194
Lea,sequence,sudden,118,Sudden Perturbation,-0.8726646259971649,40,0.1211714165495189
Lea,sequence,sudden,119,Sudden Perturbation,-0.8726646259971649,40,0.0917191239514924
Lea,sequence,sudden,120,Sudden Perturbation,-0.8726646259971649,40,0.035440587662730616
Lea,sequence,sudden,121,Sudden Perturbation,-0.8726646259971649,40,0.06025800262928416
Lea,sequence,sudden,122,Sudden Perturbation,-0.8726646259971649,40,0.139004261530438
Lea,sequence,sudden,123,Sudden Perturbation,-0.8726646259971649,40,0.04485132813477022
Lea,sequence,sudden,124,Sudden Perturbation,-0.8726646259971649,40,-0.006691739482530545
Lea,sequence,sudden,125,Sudden Perturbation,-0.8726646259971649,40,0.0774223689192034
Lea,sequence,sudden,126,Sudden Perturbation,-0.8726646259971649,40,0.017515092041297087
Lea,sequence,sudden,127,Sudden Perturbation,-0.8726646259971649,40,0.048067379977389524
Lea,sequence,sudden,128,Sudden Perturbation,-0.8726646259971649,40,0.028606030336472243
Lea,sequence,sudden,129,Sudden Perturbation,-0.8726646259971649,40,0.037018703133299136
Lea,sequence,sudden,130,Sudden Perturbation,-0.8726646259971649,40,-0.028323487169309103
Lea,sequence,sudden,131,Sudden Perturbation,-0.8726646259971649,40,0.018167833462952587
Lea,sequence,sudden,132,Sudden Perturbation,-0.8726646259971649,40,0.02154511235614187
Lea,sequence,sudden,133,Sudden Perturbation,-0.8726646259971649,40,0.13069020859448854
Lea,sequence,sudden,134,Sudden Perturbation,-0.8726646259971649,40,0.004707265868962085
Lea,sequence,sudden,135,Sudden Perturbation,-0.8726646259971649,40,0.06188563573100647
Lea,sequence,sudden,136,Sudden Perturbation,-0.8726646259971649,40,0.022862634650447577
Lea,sequence,sudden,137,Sudden Perturbation,-0.8726646259971649,40,0.026851975189204902
Lea,sequence,sudden,138,Sudden Perturbation,-0.8726646259971649,40,0.12227477823355115
Lea,sequence,sudden,139,Sudden Perturbation,-0.8726646259971649,40,0.08377828122157682
Lea,sequence,sudden,140,Sudden Perturbation,-0.8726646259971649,40,0.09746618711469623
Lea,sequence,sudden,141,Aftereffect,-0.8726646259971649,40,-0.3451413129708212
Lea,sequence,sudden,142,Aftereffect,-0.8726646259971649,40,-0.22138440447714847
Lea,sequence,sudden,143,Aftereffect,-0.8726646259971649,40,-0.08424202431686045
Lea,sequence,sudden,144,Aftereffect,-0.8726646259971649,40,nan
Lea,sequence,sudden,145,Aftereffect,-0.8726646259971649,40,-0.12011061692791214
Lea,sequence,sudden,146,Aftereffect,-0.8726646259971649,40,-0.08205676362001368
Lea,sequence,sudden,147,Aftereffect,-0.8726646259971649,40,-0.040129716931200266
Lea,sequence,sudden,148,Aftereffect,-0.8726646259971649,40,-0.14087511710777623
Lea,sequence,sudden,149,Aftereffect,-0.8726646259971649,40,-0.08687747443970129
Lea,sequence,sudden,150,Aftereffect,-0.8726646259971649,40,-0.018222845925374043
Lea,sequence,sudden,151,Aftereffect,-0.8726646259971649,40,0.002722707086718401
Lea,sequence,sudden,152,Aftereffect,-0.8726646259971649,40,-0.1195546964312818
Lea,sequence,sudden,153,Aftereffect,-0.8726646259971649,40,0.06667440798667712
Lea,sequence,sudden,154,Aftereffect,-0.8726646259971649,40,-0.04815819047715186
Lea,sequence,sudden,155,Aftereffect,-0.8726646259971649,40,-0.02236248130163554
Lea,sequence,sudden,156,Aftereffect,-0.8726646259971649,40,0.021012863141922522
Lea,sequence,sudden,157,Aftereffect,-0.8726646259971649,40,-0.05989716608940876
Lea,sequence,sudden,158,Aftereffect,-0.8726646259971649,40,-0.08559414418742839
Lea,sequence,sudden,159,Aftereffect,-0.8726646259971649,40,-0.020801432408645626
Lea,sequence,sudden,160,Aftereffect,-0.8726646259971649,40,-0.04543846745614699
Lea,sequence,sudden,161,No Perturbation,-1.0471975511965979,30,-0.07465598897534398
Lea,sequence,sudden,162,No Perturbation,-1.0471975511965979,30,0.05547549376943206
Lea,sequence,sudden,163,No Perturbation,-1.0471975511965979,30,0.017968829793546304
Lea,sequence,sudden,164,No Perturbation,-1.0471975511965979,30,-0.039575529767287065
Lea,sequence,sudden,165,No Perturbation,-1.0471975511965979,30,-0.04524634421964113
Lea,sequence,sudden,166,No Perturbation,-1.0471975511965979,30,-0.023713260866857322
Lea,sequence,sudden,167,No Perturbation,-1.0471975511965979,30,-0.11100166235850262
Lea,sequence,sudden,168,No Perturbation,-1.0471975511965979,30,-0.02503086996008075
Lea,sequence,sudden,169,No Perturbation,-1.0471975511965979,30,0.0013387796890267367
Lea,sequence,sudden,170,No Perturbation,-1.0471975511965979,30,0.006532013750304211
Lea,sequence,sudden,171,No Perturbation,-1.0471975511965979,30,0.01157295943454284
Lea,sequence,sudden,172,No Perturbation,-1.0471975511965979,30,-0.02503086996008075
Lea,sequence,sudden,173,No Perturbation,-1.0471975511965979,30,-0.017454772984175637
Lea,sequence,sudden,174,No Perturbation,-1.0471975511965979,30,-0.05141652318495171
Lea,sequence,sudden,175,No Perturbation,-1.0471975511965979,30,0.014581086759616335
Lea,sequence,sudden,176,No Perturbation,-1.0471975511965979,30,-0.0016232428714864078
Lea,sequence,sudden,177,No Perturbation,-1.0471975511965979,30,-0.05285908692317287
Lea,sequence,sudden,178,No Perturbation,-1.0471975511965979,30,-0.06519358252938412
Lea,sequence,sudden,179,No Perturbation,-1.0471975511965979,30,-0.09987288340238032
Lea,sequence,sudden,180,No Perturbation,-1.0471975511965979,30,-0.046946119486903415
Lea,sequence,sudden,181,Sudden Perturbation,-1.0471975511965979,30,0.3019511618302494
Lea,sequence,sudden,182,Sudden Perturbation,-1.0471975511965979,30,0.25296571373056864
Lea,sequence,sudden,183,Sudden Perturbation,-1.0471975511965979,30,0.15980969984697369
Lea,sequence,sudden,184,Sudden Perturbation,-1.0471975511965979,30,0.020199272581067795
Lea,sequence,sudden,185,Sudden Perturbation,-1.0471975511965979,30,0.06101740951197099
Lea,sequence,sudden,186,Sudden Perturbation,-1.0471975511965979,30,nan
Lea,sequence,sudden,187,Sudden Perturbation,-1.0471975511965979,30,0.24339888561011702
Lea,sequence,sudden,188,Sudden Perturbation,-1.0471975511965979,30,0.23465337479230786
Lea,sequence,sudden,189,Sudden Perturbation,-1.0471975511965979,30,0.0883767861448489
Lea,sequence,sudden,190,Sudden Perturbation,-1.0471975511965979,30,0.05027207199772765
Lea,sequence,sudden,191,Sudden Perturbation,-1.0471975511965979,30,0.21199769653034406
Lea,sequence,sudden,192,Sudden Perturbation,-1.0471975511965979,30,0.18776194651359335
Lea,sequence,sudden,193,Sudden Perturbation,-1.0471975511965979,30,0.09418306698605816
Lea,sequence,sudden,194,Sudden Perturbation,-1.0471975511965979,30,0.20829101247036275
Lea,sequence,sudden,195,Sudden Perturbation,-1.0471975511965979,30,0.0068727440211704405
Lea,sequence,sudden,196,Sudden Perturbation,-1.0471975511965979,30,-0.04773441209713303
Lea,sequence,sudden,197,Sudden Perturbation,-1.0471975511965979,30,0.08559890034272577
Lea,sequence,sudden,198,Sudden Perturbation,-1.0471975511965979,30,0.05601610354317932
Lea,sequence,sudden,199,Sudden Perturbation,-1.0471975511965979,30,0.08259313657473133
Lea,sequence,sudden,200,Sudden Perturbation,-1.0471975511965979,30,0.05478383679494003
Lea,sequence,sudden,201,Sudden Perturbation,-1.0471975511965979,30,-0.06024447066705707
Lea,sequence,sudden,202,Sudden Perturbation,-1.0471975511965979,30,nan
Lea,sequence,sudden,203,Sudden Perturbation,-1.0471975511965979,30,0.1339886078830489
Lea,sequence,sudden,204,Sudden Perturbation,-1.0471975511965979,30,0.035932240079226796
Lea,sequence,sudden,205,Sudden Perturbation,-1.0471975511965979,30,nan
Lea,sequence,sudden,206,Sudden Perturbation,-1.0471975511965979,30,0.14743716412793806
Lea,sequence,sudden,207,Sudden Perturbation,-1.0471975511965979,30,0.0867383386759849
Lea,sequence,sudden,208,Sudden Perturbation,-1.0471975511965979,30,0.11864543179370113
Lea,sequence,sudden,209,Sudden Perturbation,-1.0471975511965979,30,0.01672084954280484
Lea,sequence,sudden,210,Sudden Perturbation,-1.0471975511965979,30,0.10742795360465596
Lea,sequence,sudden,211,Sudden Perturbation,-1.0471975511965979,30,0.07532889082834016
Lea,sequence,sudden,212,Sudden Perturbation,-1.0471975511965979,30,0.04273711963837301
Lea,sequence,sudden,213,Sudden Perturbation,-1.0471975511965979,30,0.05531809752622363
Lea,sequence,sudden,214,Sudden Perturbation,-1.0471975511965979,30,0.07852671523937338
Lea,sequence,sudden,215,Sudden Perturbation,-1.0471975511965979,30,0.11555434167368772
Lea,sequence,sudden,216,Sudden Perturbation,-1.0471975511965979,30,0.11967848927744495
Lea,sequence,sudden,217,Sudden Perturbation,-1.0471975511965979,30,0.009999666686665076
Lea,sequence,sudden,218,Sudden Perturbation,-1.0471975511965979,30,0.32779886773901423
Lea,sequence,sudden,219,Sudden Perturbation,-1.0471975511965979,30,0.08550529367820492
Lea,sequence,sudden,220,Sudden Perturbation,-1.0471975511965979,30,-0.051782933761206795
Lea,sequence,sudden,221,Aftereffect,-1.0471975511965979,30,-0.2913785908104627
Lea,sequence,sudden,222,Aftereffect,-1.0471975511965979,30,-0.14832795274234134
Lea,sequence,sudden,223,Aftereffect,-1.0471975511965979,30,-0.0171412967591853
Lea,sequence,sudden,224,Aftereffect,-1.0471975511965979,30,-0.02045803418234149
Lea,sequence,sudden,225,Aftereffect,-1.0471975511965979,30,0.040878756964051854
Lea,sequence,sudden,226,Aftereffect,-1.0471975511965979,30,-0.030298843409219733
Lea,sequence,sudden,227,Aftereffect,-1.0471975511965979,30,0.033974548313204345
Lea,sequence,sudden,228,Aftereffect,-1.0471975511965979,30,-0.02506396172352887
Lea,sequence,sudden,229,Aftereffect,-1.0471975511965979,30,-0.023713260866857322
Lea,sequence,sudden,230,Aftereffect,-1.0471975511965979,30,-0.052909029489180526
Lea,sequence,sudden,231,Aftereffect,-1.0471975511965979,30,-0.007759801010388756
Lea,sequence,sudden,232,Aftereffect,-1.0471975511965979,30,-0.035354102284714806
Lea,sequence,sudden,233,Aftereffect,-1.0471975511965979,30,-0.03837178303096245
Lea,sequence,sudden,234,Aftereffect,-1.0471975511965979,30,-0.051166619507198696
Lea,sequence,sudden,235,Aftereffect,-1.0471975511965979,30,-0.02986448888739557
Lea,sequence,sudden,236,Aftereffect,-1.0471975511965979,30,0.0020992514460747014
Lea,sequence,sudden,237,Aftereffect,-1.0471975511965979,30,-0.023437721850616322
Lea,sequence,sudden,238,Aftereffect,-1.0471975511965979,30,-0.05285908692317287
Lea,sequence,sudden,239,Aftereffect,-1.0471975511965979,30,0.013380371273249647
Lea,sequence,sudden,240,Aftereffect,-1.0471975511965979,30,-0.06277203358640215
Lea,sequence,sudden,241,No Perturbation,-0.5235987755982988,60,-0.470430429906993
Lea,sequence,sudden,242,No Perturbation,-0.5235987755982988,60,-0.07316017157464638
Lea,sequence,sudden,243,No Perturbation,-0.5235987755982988,60,0.037195493490126796
Lea,sequence,sudden,244,No Perturbation,-0.5235987755982988,60,-0.044388302897025445
Lea,sequence,sudden,245,No Perturbation,-0.5235987755982988,60,0.026930140713247896
Lea,sequence,sudden,246,No Perturbation,-0.5235987755982988,60,-0.04471810219248973
Lea,sequence,sudden,247,No Perturbation,-0.5235987755982988,60,-0.01449244017163398
Lea,sequence,sudden,248,No Perturbation,-0.5235987755982988,60,nan
Lea,sequence,sudden,249,No Perturbation,-0.5235987755982988,60,-0.017369270969432304
Lea,sequence,sudden,250,No Perturbation,-0.5235987755982988,60,-0.04903356107731949
Lea,sequence,sudden,251,No Perturbation,-0.5235987755982988,60,0.00010829689795655018
Lea,sequence,sudden,252,No Perturbation,-0.5235987755982988,60,-0.030578799855639938
Lea,sequence,sudden,253,No Perturbation,-0.5235987755982988,60,-0.05982929444269047
Lea,sequence,sudden,254,No Perturbation,-0.5235987755982988,60,-0.011674972491860336
Lea,sequence,sudden,255,No Perturbation,-0.5235987755982988,60,0.014260274952425211
Lea,sequence,sudden,256,No Perturbation,-0.5235987755982988,60,-0.009844093680513089
Lea,sequence,sudden,257,No Perturbation,-0.5235987755982988,60,-0.05487205423692454
Lea,sequence,sudden,258,No Perturbation,-0.5235987755982988,60,-0.009319422788583331
Lea,sequence,sudden,259,No Perturbation,-0.5235987755982988,60,0.019734412581902228
Lea,sequence,sudden,260,No Perturbation,-0.5235987755982988,60,0.04731139032914622
Lea,sequence,sudden,261,Sudden Perturbation,-0.5235987755982988,60,0.4519618007378708
Lea,sequence,sudden,262,Sudden Perturbation,-0.5235987755982988,60,0.2989915318840093
Lea,sequence,sudden,263,Sudden Perturbation,-0.5235987755982988,60,0.11617100722832674
Lea,sequence,sudden,264,Sudden Perturbation,-0.5235987755982988,60,0.05371857122827217
Lea,sequence,sudden,265,Sudden Perturbation,-0.5235987755982988,60,0.1362943075029906
Lea,sequence,sudden,266,Sudden Perturbation,-0.5235987755982988,60,0.059935582440249546
Lea,sequence,sudden,267,Sudden Perturbation,-0.5235987755982988,60,0.025890770730677637
Lea,sequence,sudden,268,Sudden Perturbation,-0.5235987755982988,60,0.019151722781411862
Lea,sequence,sudden,269,Sudden Perturbation,-0.5235987755982988,60,0.17430404699675817
Lea,sequence,sudden,270,Sudden Perturbation,-0.5235987755982988,60,0.03227203355585906
Lea,sequence,sudden,271,Sudden Perturbation,-0.5235987755982988,60,0.06440382794926852
Lea,sequence,sudden,272,Sudden Perturbation,-0.5235987755982988,60,-0.006111034624190492
Lea,sequence,sudden,273,Sudden Perturbation,-0.5235987755982988,60,-0.004452661351776022
Lea,sequence,sudden,274,Sudden Perturbation,-0.5235987755982988,60,0.014492440171633869
Lea,sequence,sudden,275,Sudden Perturbation,-0.5235987755982988,60,-0.03912084656127568
Lea,sequence,sudden,276,Sudden Perturbation,-0.5235987755982988,60,-0.06141744120650461
Lea,sequence,sudden,277,Sudden Perturbation,-0.5235987755982988,60,0.06440382794926841
Lea,sequence,sudden,278,Sudden Perturbation,-0.5235987755982988,60,0.005431695481349363
Lea,sequence,sudden,279,Sudden Perturbation,-0.5235987755982988,60,0.00931942278858311
Lea,sequence,sudden,280,Sudden Perturbation,-0.5235987755982988,60,0.14292458067496538
Lea,sequence,sudden,281,Sudden Perturbation,-0.5235987755982988,60,0.16302279573148654
Lea,sequence,sudden,282,Sudden Perturbation,-0.5235987755982988,60,0.05557793179406828
Lea,sequence,sudden,283,Sudden Perturbation,-0.5235987755982988,60,0.013874357240627577
Lea,sequence,sudden,284,Sudden Perturbation,-0.5235987755982988,60,0.022457643546915484
Lea,sequence,sudden,285,Sudden Perturbation,-0.5235987755982988,60,0.03842401147849639
Lea,sequence,sudden,286,Sudden Perturbation,-0.5235987755982988,60,0.0292997296053365
Lea,sequence,sudden,287,Sudden Perturbation,-0.5235987755982988,60,-0.0019124466631168513
Lea,sequence,sudden,288,Sudden Perturbation,-0.5235987755982988,60,nan
Lea,sequence,sudden,289,Sudden Perturbation,-0.5235987755982988,60,0.0032362089114645887
Lea,sequence,sudden,290,Sudden Perturbation,-0.5235987755982988,60,0.03872302678123091
Lea,sequence,sudden,291,Sudden Perturbation,-0.5235987755982988,60,-0.015535951350581945
Lea,sequence,sudden,292,Sudden Perturbation,-0.5235987755982988,60,0.023821777146273593
Lea,sequence,sudden,293,Sudden Perturbation,-0.5235987755982988,60,0.054538677139149616
Lea,sequence,sudden,294,Sudden Perturbation,-0.5235987755982988,60,0.08942017840277983
Lea,sequence,sudden,295,Sudden Perturbation,-0.5235987755982988,60,0.035666097051316514
Lea,sequence,sudden,296,Sudden Perturbation,-0.5235987755982988,60,nan
Lea,sequence,sudden,297,Sudden Perturbation,-0.5235987755982988,60,0.08660266746476603
Lea,sequence,sudden,298,Sudden Perturbation,-0.5235987755982988,60,0.03986330099908075
Lea,sequence,sudden,299,Sudden Perturbation,-0.5235987755982988,60,-0.049747439103538404
Lea,sequence,sudden,300,Sudden Perturbation,-0.5235987755982988,60,-0.032501415637436915
Lea,sequence,sudden,301,Aftereffect,-0.5235987755982988,60,-0.403043700981658
Lea,sequence,sudden,302,Aftereffect,-0.5235987755982988,60,-0.14033455861552824
Lea,sequence,sudden,303,Aftereffect,-0.5235987755982988,60,-0.08712718879090975
Lea,sequence,sudden,304,Aftereffect,-0.5235987755982988,60,-0.0801505577991376
Lea,sequence,sudden,305,Aftereffect,-0.5235987755982988,60,-0.012120406760841584
Lea,sequence,sudden,306,Aftereffect,-0.5235987755982988,60,-0.09553255952737072
Lea,sequence,sudden,307,Aftereffect,-0.5235987755982988,60,-0.07801460265219085
Lea,sequence,sudden,308,Aftereffect,-0.5235987755982988,60,-0.02678717207849246
Lea,sequence,sudden,309,Aftereffect,-0.5235987755982988,60,-0.08173785805335843
Lea,sequence,sudden,310,Aftereffect,-0.5235987755982988,60,-0.04831942426296332
Lea,sequence,sudden,311,Aftereffect,-0.5235987755982988,60,-0.017991684324452972
Lea,sequence,sudden,312,Aftereffect,-0.5235987755982988,60,-0.044106527510779925
Lea,sequence,sudden,313,Aftereffect,-0.5235987755982988,60,0.027892183446010133
Lea,sequence,sudden,314,Aftereffect,-0.5235987755982988,60,-0.014537623616388995
Lea,sequence,sudden,315,Aftereffect,-0.5235987755982988,60,-0.02256778783548896
Lea,sequence,sudden,316,Aftereffect,-0.5235987755982988,60,0.015501935431144642
Lea,sequence,sudden,317,Aftereffect,-0.5235987755982988,60,-0.004008055373250774
Lea,sequence,sudden,318,Aftereffect,-0.5235987755982988,60,-0.09059476625037988
Lea,sequence,sudden,319,Aftereffect,-0.5235987755982988,60,-0.02870471526994478
Lea,sequence,sudden,320,Aftereffect,-0.5235987755982988,60,0.013577252573980125
